"x","y"
"2012-10-28 20:00","2"
"2012-10-29 20:00","2"
"2012-10-30 20:00","2"
"2012-10-31 20:00","2"
"2012-11-01 20:00","2"
"2012-11-02 20:00","2"
"2012-11-03 20:00","2"
"2012-11-04 19:00","2"
"2012-11-05 19:00","2"
"2012-11-06 19:00","2"
"2012-11-07 19:00","2"
"2012-11-08 19:00","2"
"2012-11-09 19:00","2"
"2012-11-10 19:00","2"
"2012-11-11 19:00","2"
"2012-11-12 19:00","2"
"2012-11-13 19:00","2"
"2012-11-14 19:00","2"
"2012-11-15 19:00","2"
"2012-11-16 19:00","2"
"2012-11-17 19:00","2"
"2012-11-18 19:00","2"
"2012-11-19 19:00","2"
"2012-11-20 19:00","2"
"2012-11-21 19:00","2"
"2012-11-22 19:00","2"
"2012-11-23 19:00","2"
"2012-11-24 19:00","2"
"2012-11-25 19:00","2"
"2012-11-26 19:00","2"
"2012-11-27 19:00","2"
"2012-11-28 19:00","2"
"2012-11-29 19:00","2"
"2012-11-30 19:00","2"
"2012-12-01 19:00","2"
"2012-12-02 19:00","2"
"2012-12-03 19:00","2"
"2012-12-04 19:00","2"
"2012-12-05 19:00","2"
"2012-12-06 19:00","2"
"2012-12-07 19:00","2"
"2012-12-08 19:00","2"
"2012-12-09 19:00","2"
"2012-12-10 19:00","2"
"2012-12-11 19:00","2"
"2012-12-12 19:00","2"
"2012-12-13 19:00","2"
"2012-12-14 19:00","2"
"2012-12-15 19:00","2"
"2012-12-16 19:00","2"
"2012-12-17 19:00","2"
"2012-12-18 19:00","2"
"2012-12-19 19:00","2"
"2012-12-20 19:00","2"
"2012-12-21 19:00","2"
"2012-12-22 19:00","2"
"2012-12-23 19:00","2"
"2012-12-24 19:00","2"
"2012-12-25 19:00","2"
"2012-12-26 19:00","2"
"2012-12-27 19:00","2"
"2012-12-28 19:00","2"
"2012-12-29 19:00","2"
"2012-12-30 19:00","2"
"2012-12-31 19:00","2"
"2013-01-01 19:00","2"
"2013-01-02 19:00","2"
"2013-01-03 19:00","2"
"2013-01-04 19:00","2"
"2013-01-05 19:00","2"
"2013-01-06 19:00","2"
"2013-01-07 19:00","2"
"2013-01-08 19:00","2"
"2013-01-09 19:00","2"
"2013-01-10 19:00","2"
"2013-01-11 19:00","2"
"2013-01-12 19:00","2"
"2013-01-13 19:00","2"
"2013-01-14 19:00","2"
"2013-01-15 19:00","2"
"2013-01-16 19:00","2"
"2013-01-17 19:00","2"
"2013-01-18 19:00","2"
"2013-01-19 19:00","2"
"2013-01-20 19:00","2"
"2013-01-21 19:00","2"
"2013-01-22 19:00","2"
"2013-01-23 19:00","2"
"2013-01-24 19:00","2"
"2013-01-25 19:00","2"
"2013-01-26 19:00","2"
"2013-01-27 19:00","2"
"2013-01-28 19:00","2"
"2013-01-29 19:00","2"
"2013-01-30 19:00","2"
"2013-01-31 19:00","2"
"2013-02-01 19:00","2"
"2013-02-02 19:00","32"
"2013-02-03 19:00","62"
"2013-02-04 19:00","92"
"2013-02-05 19:00","122"
"2013-02-06 19:00","152"
"2013-02-07 19:00","182"
"2013-02-08 19:00","213"
"2013-02-09 19:00","294"
"2013-02-10 19:00","375"
"2013-02-11 19:00","456"
"2013-02-12 19:00","537"
"2013-02-13 19:00","618"
"2013-02-14 19:00","703"
"2013-02-15 19:00","794"
"2013-02-16 19:00","892"
"2013-02-17 19:00","990"
"2013-02-18 19:00","1090"
"2013-02-19 19:00","1157"
"2013-02-20 19:00","1193"
"2013-02-21 19:00","1229"
"2013-02-22 19:00","1267"
"2013-02-23 19:00","1270"
"2013-02-24 19:00","1444"
"2013-02-25 19:00","1618"
"2013-02-26 19:00","1793"
"2013-02-27 19:00","1936"
"2013-02-28 19:00","2079"
"2013-03-01 19:00","2434"
"2013-03-02 19:00","2756"
"2013-03-03 19:00","2960"
"2013-03-04 19:00","3157"
"2013-03-05 19:00","3352"
"2013-03-06 19:00","3494"
"2013-03-07 19:00","3626"
"2013-03-08 19:00","4044"
"2013-03-09 19:00","4134"
"2013-03-10 20:00","4224"
"2013-03-11 20:00","4314"
"2013-03-12 20:00","4410"
"2013-03-13 20:00","4506"
"2013-03-14 20:00","4766"
"2013-03-15 20:00","5007"
"2013-03-16 20:00","5240"
"2013-03-17 20:00","5443"
"2013-03-18 20:00","5598"
"2013-03-19 20:00","5720"
"2013-03-20 20:00","5816"
"2013-03-21 20:00","5892"
"2013-03-22 20:00","6003"
"2013-03-23 20:00","6132"
"2013-03-24 20:00","6294"
"2013-03-25 20:00","6428"
"2013-03-26 20:00","6545"
"2013-03-27 20:00","6637"
"2013-03-28 20:00","6745"
"2013-03-29 20:00","6813"
"2013-03-30 20:00","6907"
"2013-03-31 20:00","7001"
"2013-04-01 20:00","7105"
"2013-04-02 20:00","7156"
"2013-04-03 20:00","7188"
"2013-04-04 20:00","7250"
"2013-04-05 20:00","7292"
"2013-04-06 20:00","7334"
"2013-04-07 20:00","7376"
"2013-04-08 20:00","7427"
"2013-04-09 20:00","7485"
"2013-04-10 20:00","7516"
"2013-04-11 20:00","7675"
"2013-04-12 20:00","7735"
"2013-04-13 20:00","7800"
"2013-04-14 20:00","7865"
"2013-04-15 20:00","7912"
"2013-04-16 20:00","7953"
"2013-04-17 20:00","8009"
"2013-04-18 20:00","8046"
"2013-04-19 20:00","8104"
"2013-04-20 20:00","8171"
"2013-04-21 20:00","8225"
"2013-04-22 20:00","8294"
"2013-04-23 20:00","8367"
"2013-04-24 20:00","8430"
"2013-04-25 20:00","8479"
"2013-04-26 20:00","8548"
"2013-04-27 20:00","9921"
"2013-04-28 20:00","11008"
"2013-04-29 20:00","11158"
"2013-04-30 20:00","11263"
"2013-05-01 20:00","11337"
"2013-05-02 20:00","11409"
"2013-05-03 20:00","11623"
"2013-05-04 20:00","11772"
"2013-05-05 20:00","11870"
"2013-05-06 20:00","11938"
"2013-05-07 20:00","16005"
"2013-05-08 20:00","16952"
"2013-05-09 20:00","17457"
"2013-05-10 20:00","17920"
"2013-05-11 20:00","18069"
"2013-05-12 20:00","18240"
"2013-05-13 20:00","18431"
"2013-05-14 20:00","18547"
"2013-05-15 20:00","18629"
"2013-05-16 20:00","18750"
"2013-05-17 20:00","18837"
"2013-05-18 20:00","19297"
"2013-05-19 20:00","19440"
"2013-05-20 20:00","19606"
"2013-05-21 20:00","19840"
"2013-05-22 20:00","20102"
"2013-05-23 20:00","20256"
"2013-05-24 20:00","20409"
"2013-05-25 20:00","20581"
"2013-05-26 20:00","20874"
"2013-05-27 20:00","21086"
"2013-05-28 20:00","21194"
"2013-05-29 20:00","21319"
"2013-05-30 20:00","21417"
"2013-05-31 20:00","21510"
"2013-06-01 20:00","21780"
"2013-06-02 20:00","21903"
"2013-06-03 20:00","22458"
"2013-06-04 20:00","22657"
"2013-06-05 20:00","23025"
"2013-06-06 20:00","23183"
"2013-06-07 20:00","24522"
"2013-06-08 20:00","26207"
"2013-06-09 20:00","26489"
"2013-06-10 20:00","26743"
"2013-06-11 20:00","26859"
"2013-06-12 20:00","26955"
"2013-06-13 20:00","27063"
"2013-06-14 20:00","27173"
"2013-06-15 20:00","27365"
"2013-06-16 20:00","27514"
"2013-06-17 20:00","28351"
"2013-06-18 20:00","28581"
"2013-06-19 20:00","31006"
"2013-06-20 20:00","31533"
"2013-06-21 20:00","32475"
"2013-06-22 20:00","32840"
"2013-06-23 20:00","33139"
"2013-06-24 20:00","33415"
"2013-06-25 20:00","33630"
"2013-06-26 20:00","33804"
"2013-06-27 20:00","34018"
"2013-06-28 20:00","34195"
"2013-06-29 20:00","34706"
"2013-06-30 20:00","34999"
"2013-07-01 20:00","35318"
"2013-07-02 20:00","35640"
"2013-07-03 20:00","36278"
"2013-07-04 20:00","36910"
"2013-07-05 20:00","37697"
"2013-07-06 20:00","38193"
"2013-07-07 20:00","38853"
"2013-07-08 20:00","39433"
"2013-07-09 20:00","39687"
"2013-07-10 20:00","39947"
"2013-07-11 20:00","40456"
"2013-07-12 20:00","40866"
"2013-07-13 20:00","41798"
"2013-07-14 20:00","42383"
"2013-07-15 20:00","42696"
"2013-07-16 20:00","43121"
"2013-07-17 20:00","43408"
"2013-07-18 20:00","43659"
"2013-07-19 20:00","43891"
"2013-07-20 20:00","44074"
"2013-07-21 20:00","44255"
"2013-07-22 20:00","44452"
"2013-07-23 20:00","44657"
"2013-07-24 20:00","44810"
"2013-07-25 20:00","45002"
"2013-07-26 20:00","45152"
"2013-07-27 20:00","45530"
"2013-07-28 20:00","45759"
"2013-07-29 20:00","46285"
"2013-07-30 20:00","46596"
"2013-07-31 20:00","46871"
"2013-08-01 20:00","47040"
"2013-08-02 20:00","47192"
"2013-08-03 20:00","47390"
"2013-08-04 20:00","47577"
"2013-08-05 20:00","47742"
"2013-08-06 20:00","48195"
"2013-08-07 20:00","48408"
"2013-08-08 20:00","48550"
"2013-08-09 20:00","48804"
"2013-08-10 20:00","49121"
"2013-08-11 20:00","49324"
"2013-08-12 20:00","49468"
"2013-08-13 20:00","49633"
"2013-08-14 20:00","49802"
"2013-08-15 20:00","49941"
"2013-08-16 20:00","50204"
"2013-08-17 20:00","50453"
"2013-08-18 20:00","50620"
"2013-08-19 20:00","50789"
"2013-08-20 20:00","50934"
"2013-08-21 20:00","51060"
"2013-08-22 20:00","51215"
"2013-08-23 20:00","51399"
"2013-08-24 20:00","51978"
"2013-08-25 20:00","52163"
"2013-08-26 20:00","52326"
"2013-08-27 20:00","52430"
"2013-08-28 20:00","52653"
"2013-08-29 20:00","52767"
"2013-08-30 20:00","52904"
"2013-08-31 20:00","53153"
"2013-09-01 20:00","53706"
"2013-09-02 20:00","53820"
"2013-09-03 20:00","53958"
"2013-09-04 20:00","54036"
"2013-09-05 20:00","54245"
"2013-09-06 20:00","54346"
"2013-09-07 20:00","54471"
"2013-09-08 20:00","54656"
"2013-09-09 20:00","55140"
"2013-09-10 20:00","55315"
"2013-09-11 20:00","55998"
"2013-09-12 20:00","56157"
"2013-09-13 20:00","56285"
"2013-09-14 20:00","56933"
"2013-09-15 20:00","57139"
"2013-09-16 20:00","57295"
"2013-09-17 20:00","57493"
"2013-09-18 20:00","57653"
"2013-09-19 20:00","58333"
"2013-09-20 20:00","58661"
"2013-09-21 20:00","58894"
"2013-09-22 20:00","59303"
"2013-09-23 20:00","59496"
"2013-09-24 20:00","59677"
"2013-09-25 20:00","59787"
"2013-09-26 20:00","59915"
"2013-09-27 20:00","60044"
"2013-09-28 20:00","60727"
"2013-09-29 20:00","60950"
"2013-09-30 20:00","61132"
"2013-10-01 20:00","61337"
"2013-10-02 20:00","61609"
"2013-10-03 20:00","61787"
"2013-10-04 20:00","61978"
"2013-10-05 20:00","62172"
"2013-10-06 20:00","62312"
"2013-10-07 20:00","62727"
"2013-10-08 20:00","63176"
"2013-10-09 20:00","63364"
"2013-10-10 20:00","63467"
"2013-10-11 20:00","63601"
"2013-10-12 20:00","63792"
"2013-10-13 20:00","63954"
"2013-10-14 20:00","64308"
"2013-10-15 20:00","64536"
"2013-10-16 20:00","64661"
"2013-10-17 20:00","64769"
"2013-10-18 20:00","64892"
"2013-10-19 20:00","65204"
"2013-10-20 20:00","65396"
"2013-10-21 20:00","65602"
"2013-10-22 20:00","65732"
"2013-10-23 20:00","65878"
"2013-10-24 20:00","65971"
"2013-10-25 20:00","66114"
"2013-10-26 20:00","66381"
"2013-10-27 20:00","72116"
"2013-10-28 20:00","72933"
"2013-10-29 20:00","73246"
"2013-10-30 20:00","73449"
"2013-10-31 20:00","73646"
"2013-11-01 20:00","73876"
"2013-11-02 20:00","74615"
"2013-11-03 19:00","75356"
"2013-11-04 19:00","75654"
"2013-11-05 19:00","75933"
"2013-11-06 19:00","76270"
"2013-11-07 19:00","76579"
"2013-11-08 19:00","76857"
"2013-11-09 19:00","77414"
"2013-11-10 19:00","78744"
"2013-11-11 19:00","79271"
"2013-11-12 19:00","79661"
"2013-11-13 19:00","80028"
"2013-11-14 19:00","80327"
"2013-11-15 19:00","80719"
"2013-11-16 19:00","81192"
"2013-11-17 19:00","81639"
"2013-11-18 19:00","82095"
"2013-11-19 19:00","82724"
"2013-11-20 19:00","83345"
"2013-11-21 19:00","83608"
"2013-11-22 19:00","83909"
"2013-11-23 19:00","84452"
"2013-11-24 19:00","84782"
"2013-11-25 19:00","85094"
"2013-11-26 19:00","85375"
"2013-11-27 19:00","86091"
"2013-11-28 19:00","86634"
"2013-11-29 19:00","87142"
"2013-11-30 19:00","87615"
"2013-12-01 19:00","88161"
"2013-12-02 19:00","88676"
"2013-12-03 19:00","89031"
"2013-12-04 19:00","89420"
"2013-12-05 19:00","89869"
"2013-12-06 19:00","90195"
"2013-12-07 19:00","90628"
"2013-12-08 19:00","91037"
"2013-12-09 19:00","91393"
"2013-12-10 19:00","91797"
"2013-12-11 19:00","92372"
"2013-12-12 19:00","92654"
"2013-12-13 19:00","92992"
"2013-12-14 19:00","93501"
"2013-12-15 19:00","93913"
"2013-12-16 19:00","94394"
"2013-12-17 19:00","95251"
"2013-12-18 19:00","95597"
"2013-12-19 19:00","95974"
"2013-12-20 19:00","96258"
"2013-12-21 19:00","96794"
"2013-12-22 19:00","97401"
"2013-12-23 19:00","97817"
"2013-12-24 19:00","98230"
"2013-12-25 19:00","98720"
"2013-12-26 19:00","99036"
"2013-12-27 19:00","99521"
"2013-12-28 19:00","100016"
"2013-12-29 19:00","100383"
"2013-12-30 19:00","101029"
"2013-12-31 19:00","101733"
"2014-01-01 19:00","102362"
"2014-01-02 19:00","102932"
"2014-01-03 19:00","103419"
"2014-01-04 19:00","103817"
"2014-01-05 19:00","104310"
"2014-01-06 19:00","104884"
"2014-01-07 19:00","106061"
"2014-01-08 19:00","106451"
"2014-01-09 19:00","106793"
"2014-01-10 19:00","109130"
"2014-01-11 19:00","110290"
"2014-01-12 19:00","111024"
"2014-01-13 19:00","111573"
"2014-01-14 19:00","112087"
"2014-01-15 19:00","112522"
"2014-01-16 19:00","112965"
"2014-01-17 19:00","113312"
"2014-01-18 19:00","115460"
"2014-01-19 19:00","115972"
"2014-01-20 19:00","116516"
"2014-01-21 19:00","117648"
"2014-01-22 19:00","118184"
"2014-01-23 19:00","118570"
"2014-01-24 19:00","120954"
"2014-01-25 19:00","121868"
"2014-01-26 19:00","122327"
"2014-01-27 19:00","122810"
"2014-01-28 19:00","123208"
"2014-01-29 19:00","123585"
"2014-01-30 19:00","124856"
"2014-01-31 19:00","125260"
"2014-02-01 19:00","125712"
"2014-02-02 19:00","126420"
"2014-02-03 19:00","150517"
"2014-02-04 19:00","153621"
"2014-02-05 19:00","154557"
"2014-02-06 19:00","155031"
"2014-02-07 19:00","155597"
"2014-02-08 19:00","156693"
"2014-02-09 19:00","158808"
"2014-02-10 19:00","159944"
"2014-02-11 19:00","160699"
"2014-02-12 19:00","161286"
"2014-02-13 19:00","161779"
"2014-02-14 19:00","162152"
"2014-02-15 19:00","162871"
"2014-02-16 19:00","163485"
"2014-02-17 19:00","164225"
"2014-02-18 19:00","164909"
"2014-02-19 19:00","165730"
"2014-02-20 19:00","166167"
"2014-02-21 19:00","166562"
"2014-02-22 19:00","167507"
"2014-02-23 19:00","168472"
"2014-02-24 19:00","171176"
"2014-02-25 19:00","171849"
"2014-02-26 19:00","172601"
"2014-02-27 19:00","173081"
"2014-02-28 19:00","173831"
"2014-03-01 19:00","174411"
"2014-03-02 19:00","174900"
"2014-03-03 19:00","175458"
"2014-03-04 19:00","176384"
"2014-03-05 19:00","176959"
"2014-03-06 19:00","177473"
"2014-03-07 19:00","178749"
"2014-03-08 19:00","179310"
"2014-03-09 20:00","179872"
"2014-03-10 20:00","180375"
"2014-03-11 20:00","180739"
"2014-03-12 20:00","181328"
"2014-03-13 20:00","181752"
"2014-03-14 20:00","182153"
"2014-03-15 20:00","182784"
"2014-03-16 20:00","183433"
"2014-03-17 20:00","183975"
"2014-03-18 20:00","184370"
"2014-03-19 20:00","184765"
"2014-03-20 20:00","185467"
"2014-03-21 20:00","186080"
"2014-03-22 20:00","186632"
"2014-03-23 20:00","187532"
"2014-03-24 20:00","188107"
"2014-03-25 20:00","188599"
"2014-03-26 20:00","189426"
"2014-03-27 20:00","189783"
"2014-03-28 20:00","190156"
"2014-03-29 20:00","190602"
"2014-03-30 20:00","191051"
"2014-03-31 20:00","192722"
"2014-04-01 20:00","193275"
"2014-04-02 20:00","193686"
"2014-04-03 20:00","194801"
"2014-04-04 20:00","195564"
"2014-04-05 20:00","196263"
"2014-04-06 20:00","197021"
"2014-04-07 20:00","197446"
"2014-04-08 20:00","201488"
"2014-04-09 20:00","204365"
"2014-04-10 20:00","213975"
"2014-04-11 20:00","215605"
"2014-04-12 20:00","216294"
"2014-04-13 20:00","217262"
"2014-04-14 20:00","218205"
"2014-04-15 20:00","218806"
"2014-04-16 20:00","220075"
"2014-04-17 20:00","220508"
"2014-04-18 20:00","221096"
"2014-04-19 20:00","223681"
"2014-04-20 20:00","226090"
"2014-04-21 20:00","227325"
"2014-04-22 20:00","227970"
"2014-04-23 20:00","228549"
"2014-04-24 20:00","229121"
"2014-04-25 20:00","229479"
"2014-04-26 20:00","229888"
"2014-04-27 20:00","230378"
"2014-04-28 20:00","231182"
"2014-04-29 20:00","231981"
"2014-04-30 20:00","232504"
"2014-05-01 20:00","232885"
"2014-05-02 20:00","233236"
"2014-05-03 20:00","233799"
"2014-05-04 20:00","234488"
"2014-05-05 20:00","235208"
"2014-05-06 20:00","252902"
"2014-05-07 20:00","263259"
"2014-05-08 20:00","271046"
"2014-05-09 20:00","278354"
"2014-05-10 20:00","286919"
"2014-05-11 20:00","297162"
"2014-05-12 20:00","306290"
"2014-05-13 20:00","314646"
"2014-05-14 20:00","322924"
"2014-05-15 20:00","329513"
"2014-05-16 20:00","335726"
"2014-05-17 20:00","342869"
"2014-05-18 20:00","350525"
"2014-05-19 20:00","358172"
"2014-05-20 20:00","365415"
"2014-05-21 20:00","372557"
"2014-05-22 20:00","379209"
"2014-05-23 20:00","385518"
"2014-05-24 20:00","392207"
"2014-05-25 20:00","399920"
"2014-05-26 20:00","408267"
"2014-05-27 20:00","415560"
"2014-05-28 20:00","422503"
"2014-05-29 20:00","429101"
"2014-05-30 20:00","435308"
"2014-05-31 20:00","442302"
"2014-06-01 20:00","449832"
"2014-06-02 20:00","457082"
"2014-06-03 20:00","465018"
"2014-06-04 20:00","472725"
"2014-06-05 20:00","479344"
"2014-06-06 20:00","485513"
"2014-06-07 20:00","492469"
"2014-06-08 20:00","499544"
"2014-06-09 20:00","506809"
"2014-06-10 20:00","513556"
"2014-06-11 20:00","519416"
"2014-06-12 20:00","525594"
"2014-06-13 20:00","531615"
"2014-06-14 20:00","538210"
"2014-06-15 20:00","545188"
"2014-06-16 20:00","553124"
"2014-06-17 20:00","559989"
"2014-06-18 20:00","567257"
"2014-06-19 20:00","573703"
"2014-06-20 20:00","579902"
"2014-06-21 20:00","586502"
"2014-06-22 20:00","593594"
"2014-06-23 20:00","600648"
"2014-06-24 20:00","607070"
"2014-06-25 20:00","614354"
"2014-06-26 20:00","620399"
"2014-06-27 20:00","626196"
"2014-06-28 20:00","632735"
"2014-06-29 20:00","639762"
"2014-06-30 20:00","646629"
"2014-07-01 20:00","653853"
"2014-07-02 20:00","660628"
"2014-07-03 20:00","666687"
"2014-07-04 20:00","673041"
"2014-07-05 20:00","680500"
"2014-07-06 20:00","689791"
"2014-07-07 20:00","700550"
"2014-07-08 20:00","709585"
"2014-07-09 20:00","717329"
"2014-07-10 20:00","724517"
"2014-07-11 20:00","731090"
"2014-07-12 20:00","738231"
"2014-07-13 20:00","746296"
"2014-07-14 20:00","754441"
"2014-07-15 20:00","762367"
"2014-07-16 20:00","770034"
"2014-07-17 20:00","776946"
"2014-07-18 20:00","783697"
"2014-07-19 20:00","791422"
"2014-07-20 20:00","799471"
"2014-07-21 20:00","807870"
"2014-07-22 20:00","815764"
"2014-07-23 20:00","823326"
"2014-07-24 20:00","830397"
"2014-07-25 20:00","837001"
"2014-07-26 20:00","844576"
"2014-07-27 20:00","852958"
"2014-07-28 20:00","861527"
"2014-07-29 20:00","870289"
"2014-07-30 20:00","878200"
"2014-07-31 20:00","885509"
"2014-08-01 20:00","892213"
"2014-08-02 20:00","899617"
"2014-08-03 20:00","909495"
"2014-08-04 20:00","917957"
"2014-08-05 20:00","926369"
"2014-08-06 20:00","934320"
"2014-08-07 20:00","941746"
"2014-08-08 20:00","948908"
"2014-08-09 20:00","956959"
"2014-08-10 20:00","965010"
"2014-08-11 20:00","972839"
"2014-08-12 20:00","981832"
"2014-08-13 20:00","989834"
"2014-08-14 20:00","997252"
"2014-08-15 20:00","1004931"
"2014-08-16 20:00","1012610"
"2014-08-17 20:00","1020222"
"2014-08-18 20:00","1030237"
"2014-08-19 20:00","1042722"
"2014-08-20 20:00","1052202"
"2014-08-21 20:00","1060083"
"2014-08-22 20:00","1067238"
"2014-08-23 20:00","1074984"
"2014-08-24 20:00","1083404"
"2014-08-25 20:00","1091659"
"2014-08-26 20:00","1099818"
"2014-08-27 20:00","1107576"
"2014-08-28 20:00","1114533"
"2014-08-29 20:00","1121370"
"2014-08-30 20:00","1131130"
"2014-08-31 20:00","1143433"
"2014-09-01 20:00","1153991"
"2014-09-02 20:00","1163553"
"2014-09-03 20:00","1173086"
"2014-09-04 20:00","1181302"
"2014-09-05 20:00","1189306"
"2014-09-06 20:00","1197741"
"2014-09-07 20:00","1206327"
"2014-09-08 20:00","1214145"
"2014-09-09 20:00","1221768"
"2014-09-10 20:00","1228929"
"2014-09-11 20:00","1235721"
"2014-09-12 20:00","1242547"
"2014-09-13 20:00","1250463"
"2014-09-14 20:00","1259266"
"2014-09-15 20:00","1266974"
"2014-09-16 20:00","1276970"
"2014-09-17 20:00","1283018"
"2014-09-18 20:00","1289780"
"2014-09-19 20:00","1296910"
"2014-09-20 20:00","1305378"
"2014-09-21 20:00","1313357"
"2014-09-22 20:00","1321064"
"2014-09-23 20:00","1328510"
"2014-09-24 20:00","1335419"
"2014-09-25 20:00","1341651"
"2014-09-26 20:00","1347990"
"2014-09-27 20:00","1355242"
"2014-09-28 20:00","1362846"
"2014-09-29 20:00","1370188"
"2014-09-30 20:00","1377584"
"2014-10-01 20:00","1385509"
"2014-10-02 20:00","1392240"
"2014-10-03 20:00","1398754"
"2014-10-04 20:00","1407182"
"2014-10-05 20:00","1415237"
"2014-10-06 20:00","1422480"
"2014-10-07 20:00","1429943"
"2014-10-08 20:00","1437078"
"2014-10-09 20:00","1443152"
"2014-10-10 20:00","1450367"
"2014-10-11 20:00","1457869"
"2014-10-12 20:00","1465796"
"2014-10-13 20:00","1473160"
"2014-10-14 20:00","1481532"
"2014-10-15 20:00","1491130"
"2014-10-16 20:00","1499205"
"2014-10-17 20:00","1507587"
"2014-10-18 20:00","1517201"
"2014-10-19 20:00","1526267"
"2014-10-20 20:00","1536208"
"2014-10-21 20:00","1545457"
"2014-10-22 20:00","1553834"
"2014-10-23 20:00","1561131"
"2014-10-24 20:00","1568721"
"2014-10-25 20:00","1577186"
"2014-10-26 20:00","1585763"
"2014-10-27 20:00","1593913"
"2014-10-28 20:00","1602167"
"2014-10-29 20:00","1610279"
"2014-10-30 20:00","1616875"
"2014-10-31 20:00","1624096"
"2014-11-01 20:00","1632170"
"2014-11-02 19:00","1640982"
"2014-11-03 19:00","1649360"
"2014-11-04 19:00","1658119"
"2014-11-05 19:00","1666194"
"2014-11-06 19:00","1673601"
"2014-11-07 19:00","1681042"
"2014-11-08 19:00","1689685"
"2014-11-09 19:00","1698092"
"2014-11-10 19:00","1706661"
"2014-11-11 19:00","1714529"
"2014-11-12 19:00","1722654"
"2014-11-13 19:00","1729947"
"2014-11-14 19:00","1737833"
"2014-11-15 19:00","1746577"
"2014-11-16 19:00","1755235"
"2014-11-17 19:00","1763634"
"2014-11-18 19:00","1772690"
"2014-11-19 19:00","1789481"
"2014-11-20 19:00","1802335"
"2014-11-21 19:00","1809337"
"2014-11-22 19:00","1818063"
"2014-11-23 19:00","1826316"
"2014-11-24 19:00","1834508"
"2014-11-25 19:00","1842133"
"2014-11-26 19:00","1849333"
"2014-11-27 19:00","1856498"
"2014-11-28 19:00","1864097"
"2014-11-29 19:00","1873474"
"2014-11-30 19:00","1882336"
"2014-12-01 19:00","1891243"
"2014-12-02 19:00","1899254"
"2014-12-03 19:00","1907242"
"2014-12-04 19:00","1914635"
"2014-12-05 19:00","1921794"
"2014-12-06 19:00","1929883"
"2014-12-07 19:00","1938790"
"2014-12-08 19:00","1947035"
"2014-12-09 19:00","1954611"
"2014-12-10 19:00","1962036"
"2014-12-11 19:00","1968765"
"2014-12-12 19:00","1975353"
"2014-12-13 19:00","1982790"
"2014-12-14 19:00","1990336"
"2014-12-15 19:00","1997890"
"2014-12-16 19:00","2005137"
"2014-12-17 19:00","2012429"
"2014-12-18 19:00","2018956"
"2014-12-19 19:00","2025489"
"2014-12-20 19:00","2033210"
"2014-12-21 19:00","2040902"
"2014-12-22 19:00","2048107"
"2014-12-23 19:00","2054351"
"2014-12-24 19:00","2060872"
"2014-12-25 19:00","2068059"
"2014-12-26 19:00","2075829"
"2014-12-27 19:00","2084624"
"2014-12-28 19:00","2093536"
"2014-12-29 19:00","2102924"
"2014-12-30 19:00","2110425"
"2014-12-31 19:00","2119362"
"2015-01-01 19:00","2128563"
"2015-01-02 19:00","2137897"
"2015-01-03 19:00","2147695"
"2015-01-04 19:00","2156968"
"2015-01-05 19:00","2167150"
"2015-01-06 19:00","2176221"
"2015-01-07 19:00","2185267"
"2015-01-08 19:00","2193447"
"2015-01-09 19:00","2201692"
"2015-01-10 19:00","2210609"
"2015-01-11 19:00","2219361"
"2015-01-12 19:00","2228396"
"2015-01-13 19:00","2237247"
"2015-01-14 19:00","2246224"
"2015-01-15 19:00","2254332"
"2015-01-16 19:00","2262225"
"2015-01-17 19:00","2271359"
"2015-01-18 19:00","2281797"
"2015-01-19 19:00","2291805"
"2015-01-20 19:00","2301146"
"2015-01-21 19:00","2310200"
"2015-01-22 19:00","2318498"
"2015-01-23 19:00","2326993"
"2015-01-24 19:00","2336283"
"2015-01-25 19:00","2345482"
"2015-01-26 19:00","2355219"
"2015-01-27 19:00","2364609"
"2015-01-28 19:00","2373496"
"2015-01-29 19:00","2381405"
"2015-01-30 19:00","2389883"
"2015-01-31 19:00","2398469"
"2015-02-01 19:00","2407268"
"2015-02-02 19:00","2416398"
"2015-02-03 19:00","2425261"
"2015-02-04 19:00","2433940"
"2015-02-05 19:00","2441258"
"2015-02-06 19:00","2449330"
"2015-02-07 19:00","2458014"
"2015-02-08 19:00","2467468"
"2015-02-09 19:00","2476688"
"2015-02-10 19:00","2485639"
"2015-02-11 19:00","2495250"
"2015-02-12 19:00","2503475"
"2015-02-13 19:00","2511390"
"2015-02-14 19:00","2521130"
"2015-02-15 19:00","2531084"
"2015-02-16 19:00","2541128"
"2015-02-17 19:00","2550263"
"2015-02-18 19:00","2559402"
"2015-02-19 19:00","2567935"
"2015-02-20 19:00","2576815"
"2015-02-21 19:00","2586930"
"2015-02-22 19:00","2596174"
"2015-02-23 19:00","2605545"
"2015-02-24 19:00","2614421"
"2015-02-25 19:00","2622569"
"2015-02-26 19:00","2629918"
"2015-02-27 19:00","2637262"
"2015-02-28 19:00","2645878"
"2015-03-01 19:00","2654621"
"2015-03-02 19:00","2663150"
"2015-03-03 19:00","2671294"
"2015-03-04 19:00","2679402"
"2015-03-05 19:00","2686709"
"2015-03-06 19:00","2702327"
"2015-03-07 19:00","2706333"
"2015-03-08 20:00","2710339"
"2015-03-09 20:00","2718711"
"2015-03-10 20:00","2726418"
"2015-03-11 20:00","2734307"
"2015-03-12 20:00","2741521"
"2015-03-13 20:00","2748899"
"2015-03-14 20:00","2757002"
"2015-03-15 20:00","2765087"
"2015-03-16 20:00","2773056"
"2015-03-17 20:00","2781506"
"2015-03-18 20:00","2789436"
"2015-03-19 20:00","2796827"
"2015-03-20 20:00","2804253"
"2015-03-21 20:00","2812587"
"2015-03-22 20:00","2821137"
"2015-03-23 20:00","2829460"
"2015-03-24 20:00","2837533"
"2015-03-25 20:00","2845451"
"2015-03-26 20:00","2852632"
"2015-03-27 20:00","2859844"
"2015-03-28 20:00","2867692"
"2015-03-29 20:00","2876016"
"2015-03-30 20:00","2884752"
"2015-03-31 20:00","2894324"
"2015-04-01 20:00","2902996"
"2015-04-02 20:00","2911023"
"2015-04-03 20:00","2918547"
"2015-04-04 20:00","2926859"
"2015-04-05 20:00","2936063"
"2015-04-06 20:00","2945827"
"2015-04-07 20:00","2954803"
"2015-04-08 20:00","2963492"
"2015-04-09 20:00","2971279"
"2015-04-10 20:00","2978676"
"2015-04-11 20:00","2987266"
"2015-04-12 20:00","2996286"
"2015-04-13 20:00","3005174"
"2015-04-14 20:00","3013596"
"2015-04-15 20:00","3021552"
"2015-04-16 20:00","3028733"
"2015-04-17 20:00","3035434"
"2015-04-18 20:00","3043545"
"2015-04-19 20:00","3051744"
"2015-04-20 20:00","3059925"
"2015-04-21 20:00","3068118"
"2015-04-22 20:00","3075693"
"2015-04-23 20:00","3082900"
"2015-04-24 20:00","3089824"
"2015-04-25 20:00","3097724"
"2015-04-26 20:00","3106015"
"2015-04-27 20:00","3114255"
"2015-04-28 20:00","3122276"
"2015-04-29 20:00","3129947"
"2015-04-30 20:00","3136574"
"2015-05-01 20:00","3143163"
"2015-05-02 20:00","3151198"
"2015-05-03 20:00","3159160"
"2015-05-04 20:00","3167092"
"2015-05-05 20:00","3174951"
"2015-05-06 20:00","3182359"
"2015-05-07 20:00","3189340"
"2015-05-08 20:00","3196202"
"2015-05-09 20:00","3203620"
"2015-05-10 20:00","3211156"
"2015-05-11 20:00","3219449"
"2015-05-12 20:00","3227351"
"2015-05-13 20:00","3235144"
"2015-05-14 20:00","3242187"
"2015-05-15 20:00","3248807"
"2015-05-16 20:00","3256285"
"2015-05-17 20:00","3264143"
"2015-05-18 20:00","3272020"
"2015-05-19 20:00","3279757"
"2015-05-20 20:00","3286676"
"2015-05-21 20:00","3292806"
"2015-05-22 20:00","3299017"
"2015-05-23 20:00","3306174"
"2015-05-24 20:00","3314225"
"2015-05-25 20:00","3323065"
"2015-05-26 20:00","3330982"
"2015-05-27 20:00","3338749"
"2015-05-28 20:00","3345755"
"2015-05-29 20:00","3352615"
"2015-05-30 20:00","3360202"
"2015-05-31 20:00","3368249"
"2015-06-01 20:00","3376284"
"2015-06-02 20:00","3384160"
"2015-06-03 20:00","3391659"
"2015-06-04 20:00","3398438"
"2015-06-05 20:00","3407305"
"2015-06-06 20:00","3414636"
"2015-06-07 20:00","3422775"
"2015-06-08 20:00","3436035"
"2015-06-09 20:00","3446540"
"2015-06-10 20:00","3455266"
"2015-06-11 20:00","3462498"
"2015-06-12 20:00","3469109"
"2015-06-13 20:00","3476297"
"2015-06-14 20:00","3484051"
"2015-06-15 20:00","3492214"
"2015-06-16 20:00","3501564"
"2015-06-17 20:00","3510007"
"2015-06-18 20:00","3518367"
"2015-06-19 20:00","3526016"
"2015-06-20 20:00","3534206"
"2015-06-21 20:00","3542906"
"2015-06-22 20:00","3551389"
"2015-06-23 20:00","3559836"
"2015-06-24 20:00","3568322"
"2015-06-25 20:00","3575643"
"2015-06-26 20:00","3582644"
"2015-06-27 20:00","3590468"
"2015-06-28 20:00","3598945"
"2015-06-29 20:00","3610163"
"2015-06-30 20:00","3620467"
"2015-07-01 20:00","3629364"
"2015-07-02 20:00","3638677"
"2015-07-03 20:00","3645918"
"2015-07-04 20:00","3654968"
"2015-07-05 20:00","3664721"
"2015-07-06 20:00","3674606"
"2015-07-07 20:00","3684261"
"2015-07-08 20:00","3693749"
"2015-07-09 20:00","3702572"
"2015-07-10 20:00","3711824"
"2015-07-11 20:00","3721816"
"2015-07-12 20:00","3731720"
"2015-07-13 20:00","3741621"
"2015-07-14 20:00","3750951"
"2015-07-15 20:00","3760364"
"2015-07-16 20:00","3769444"
"2015-07-17 20:00","3777603"
"2015-07-18 20:00","3786664"
"2015-07-19 20:00","3796598"
"2015-07-20 20:00","3806464"
"2015-07-21 20:00","3816363"
"2015-07-22 20:00","3825415"
"2015-07-23 20:00","3833849"
"2015-07-24 20:00","3841475"
"2015-07-25 20:00","3850215"
"2015-07-26 20:00","3859809"
"2015-07-27 20:00","3869528"
"2015-07-28 20:00","3878955"
"2015-07-29 20:00","3888013"
"2015-07-30 20:00","3896261"
"2015-07-31 20:00","3903989"
"2015-08-01 20:00","3912091"
"2015-08-02 20:00","3921243"
"2015-08-03 20:00","3930505"
"2015-08-04 20:00","3939945"
"2015-08-05 20:00","3950726"
"2015-08-06 20:00","3958731"
"2015-08-07 20:00","3966360"
"2015-08-08 20:00","3974893"
"2015-08-09 20:00","3984133"
"2015-08-10 20:00","3993560"
"2015-08-11 20:00","4003061"
"2015-08-12 20:00","4012355"
"2015-08-13 20:00","4021899"
"2015-08-14 20:00","4029955"
"2015-08-15 20:00","4038595"
"2015-08-16 20:00","4049165"
"2015-08-17 20:00","4059084"
"2015-08-18 20:00","4069308"
"2015-08-19 20:00","4078624"
"2015-08-20 20:00","4086871"
"2015-08-21 20:00","4095162"
"2015-08-22 20:00","4104172"
"2015-08-23 20:00","4113606"
"2015-08-24 20:00","4122899"
"2015-08-25 20:00","4131634"
"2015-08-26 20:00","4140198"
"2015-08-27 20:00","4148161"
"2015-08-28 20:00","4155855"
"2015-08-29 20:00","4164493"
"2015-08-30 20:00","4173705"
"2015-08-31 20:00","4182110"
"2015-09-01 20:00","4190710"
"2015-09-02 20:00","4199310"
"2015-09-03 20:00","4207912"
"2015-09-04 20:00","4213098"
"2015-09-05 20:00","4221056"
"2015-09-06 20:00","4229111"
"2015-09-07 20:00","4237732"
"2015-09-08 20:00","4246038"
"2015-09-09 20:00","4254216"
"2015-09-10 20:00","4261470"
"2015-09-11 20:00","4268926"
"2015-09-12 20:00","4277219"
"2015-09-13 20:00","4285643"
"2015-09-14 20:00","4293672"
"2015-09-15 20:00","4302284"
"2015-09-16 20:00","4310091"
"2015-09-17 20:00","4317531"
"2015-09-18 20:00","4324877"
"2015-09-19 20:00","4332924"
"2015-09-20 20:00","4341306"
"2015-09-21 20:00","4349481"
"2015-09-22 20:00","4357800"
"2015-09-23 20:00","4365421"
"2015-09-24 20:00","4372466"
"2015-09-25 20:00","4379263"
"2015-09-26 20:00","4386974"
"2015-09-27 20:00","4395253"
"2015-09-28 20:00","4403887"
"2015-09-29 20:00","4412280"
"2015-09-30 20:00","4422088"
"2015-10-01 20:00","4427336"
"2015-10-02 20:00","4434618"
"2015-10-03 20:00","4443278"
"2015-10-04 20:00","4451728"
"2015-10-05 20:00","4460423"
"2015-10-06 20:00","4469073"
"2015-10-07 20:00","4477248"
"2015-10-08 20:00","4484717"
"2015-10-09 20:00","4492071"
"2015-10-10 20:00","4500292"
"2015-10-11 20:00","4509118"
"2015-10-12 20:00","4517735"
"2015-10-13 20:00","4526640"
"2015-10-14 20:00","4535005"
"2015-10-15 20:00","4542728"
"2015-10-16 20:00","4550558"
"2015-10-17 20:00","4559486"
"2015-10-18 20:00","4568586"
"2015-10-19 20:00","4577274"
"2015-10-20 20:00","4585529"
"2015-10-21 20:00","4593666"
"2015-10-22 20:00","4600886"
"2015-10-23 20:00","4608384"
"2015-10-24 20:00","4617076"
"2015-10-25 20:00","4625782"
"2015-10-26 20:00","4634244"
"2015-10-27 20:00","4642558"
"2015-10-28 20:00","4650680"
"2015-10-29 20:00","4657578"
"2015-10-30 20:00","4664385"
"2015-10-31 20:00","4673192"
"2015-11-01 19:00","4682879"
"2015-11-02 19:00","4692184"
"2015-11-03 19:00","4701549"
"2015-11-04 19:00","4710033"
"2015-11-05 19:00","4718175"
"2015-11-06 19:00","4726068"
"2015-11-07 19:00","4734987"
"2015-11-08 19:00","4744366"
"2015-11-09 19:00","4753012"
"2015-11-10 19:00","4761276"
"2015-11-11 19:00","4769239"
"2015-11-12 19:00","4776206"
"2015-11-13 19:00","4783441"
"2015-11-14 19:00","4791756"
"2015-11-15 19:00","4800389"
"2015-11-16 19:00","4808553"
"2015-11-17 19:00","4816757"
"2015-11-18 19:00","4824758"
"2015-11-19 19:00","4831894"
"2015-11-20 19:00","4839288"
"2015-11-21 19:00","4847598"
"2015-11-22 19:00","4856230"
"2015-11-23 19:00","4864400"
"2015-11-24 19:00","4872091"
"2015-11-25 19:00","4879133"
"2015-11-26 19:00","4886241"
"2015-11-27 19:00","4893726"
"2015-11-28 19:00","4902548"
"2015-11-29 19:00","4911157"
"2015-11-30 19:00","4919724"
"2015-12-01 19:00","4928486"
"2015-12-02 19:00","4937044"
"2015-12-03 19:00","4944520"
"2015-12-04 19:00","4951987"
"2015-12-05 19:00","4960261"
"2015-12-06 19:00","4968460"
"2015-12-07 19:00","4976979"
"2015-12-08 19:00","4985672"
"2015-12-09 19:00","4993830"
"2015-12-10 19:00","5000877"
"2015-12-11 19:00","5007995"
"2015-12-12 19:00","5016150"
"2015-12-13 19:00","5023328"
"2015-12-14 19:00","5031696"
"2015-12-15 19:00","5039102"
"2015-12-16 19:00","5045929"
"2015-12-17 19:00","5052457"
"2015-12-18 19:00","5058509"
"2015-12-19 19:00","5065234"
"2015-12-20 19:00","5072231"
"2015-12-21 19:00","5079010"
"2015-12-22 19:00","5084901"
"2015-12-23 19:00","5089433"
"2015-12-24 19:00","5094358"
"2015-12-25 19:00","5100100"
"2015-12-26 19:00","5106254"
"2015-12-27 19:00","5112089"
"2015-12-28 19:00","5117714"
"2015-12-29 19:00","5117162"
"2015-12-30 19:00","5111453"
"2015-12-31 19:00","5107774"
"2016-01-01 19:00","5104828"
"2016-01-02 19:00","5101274"
"2016-01-03 19:00","5098258"
"2016-01-04 19:00","5093597"
"2016-01-05 19:00","5103436"
"2016-01-06 19:00","5113069"
"2016-01-07 19:00","5121757"
"2016-01-08 19:00","5129992"
"2016-01-09 19:00","5139660"
"2016-01-10 19:00","5149828"
"2016-01-11 19:00","5159391"
"2016-01-12 19:00","5168719"
"2016-01-13 19:00","5178732"
"2016-01-14 19:00","5187894"
"2016-01-15 19:00","5196918"
"2016-01-16 19:00","5207803"
"2016-01-17 19:00","5217708"
"2016-01-18 19:00","5226848"
"2016-01-19 19:00","5236278"
"2016-01-20 19:00","5245453"
"2016-01-21 19:00","5253882"
"2016-01-22 19:00","5262348"
"2016-01-23 19:00","5271941"
"2016-01-24 19:00","5281289"
"2016-01-25 19:00","5290580"
"2016-01-26 19:00","5300028"
"2016-01-27 19:00","5309427"
"2016-01-28 19:00","5317755"
"2016-01-29 19:00","5325758"
"2016-01-30 19:00","5335012"
"2016-01-31 19:00","5344420"
"2016-02-01 19:00","5353525"
"2016-02-02 19:00","5362728"
"2016-02-03 19:00","5371582"
"2016-02-04 19:00","5379946"
"2016-02-05 19:00","5387843"
"2016-02-06 19:00","5396444"
"2016-02-07 19:00","5405523"
"2016-02-08 19:00","5415188"
"2016-02-09 19:00","5424646"
"2016-02-10 19:00","5433710"
"2016-02-11 19:00","5441994"
"2016-02-12 19:00","5450287"
"2016-02-13 19:00","5458760"
"2016-02-14 19:00","5468702"
"2016-02-15 19:00","5478478"
"2016-02-16 19:00","5488295"
"2016-02-17 19:00","5497971"
"2016-02-18 19:00","5507054"
"2016-02-19 19:00","5516051"
"2016-02-20 19:00","5525717"
"2016-02-21 19:00","5535263"
"2016-02-22 19:00","5545466"
"2016-02-23 19:00","5555318"
"2016-02-24 19:00","5564243"
"2016-02-25 19:00","5574599"
"2016-02-26 19:00","5583883"
"2016-02-27 19:00","5593605"
"2016-02-28 19:00","5603353"
"2016-02-29 19:00","5612992"
"2016-03-01 19:00","5622549"
"2016-03-02 19:00","5631648"
"2016-03-03 19:00","5639776"
"2016-03-04 19:00","5647975"
"2016-03-05 19:00","5656792"
"2016-03-06 19:00","5666064"
"2016-03-07 19:00","5675865"
"2016-03-08 19:00","5684907"
"2016-03-09 19:00","5693127"
"2016-03-10 19:00","5701267"
"2016-03-11 19:00","5718201"
"2016-03-12 19:00","5722720"
"2016-03-13 20:00","5727240"
"2016-03-14 20:00","5736568"
"2016-03-15 20:00","5745546"
"2016-03-16 20:00","5753841"
"2016-03-17 20:00","5761165"
"2016-03-18 20:00","5769168"
"2016-03-19 20:00","5779391"
"2016-03-20 20:00","5789223"
"2016-03-21 20:00","5799317"
"2016-03-22 20:00","5809630"
"2016-03-23 20:00","5819079"
"2016-03-24 20:00","5827754"
"2016-03-25 20:00","5836211"
"2016-03-26 20:00","5845724"
"2016-03-27 20:00","5855817"
"2016-03-28 20:00","5866255"
"2016-03-29 20:00","5876422"
"2016-03-30 20:00","5886792"
"2016-03-31 20:00","5897010"
"2016-04-01 20:00","5906069"
"2016-04-02 20:00","5916383"
"2016-04-03 20:00","5926958"
"2016-04-04 20:00","5937689"
"2016-04-05 20:00","5948654"
"2016-04-06 20:00","5969789"
"2016-04-07 20:00","5988397"
"2016-04-08 20:00","6003837"
"2016-04-09 20:00","6020940"
"2016-04-10 20:00","6037186"
"2016-04-11 20:00","6052596"
"2016-04-12 20:00","6066801"
"2016-04-13 20:00","6080725"
"2016-04-14 20:00","6093073"
"2016-04-15 20:00","6104727"
"2016-04-16 20:00","6118442"
"2016-04-17 20:00","6131675"
"2016-04-18 20:00","6145081"
"2016-04-19 20:00","6158391"
"2016-04-20 20:00","6171112"
"2016-04-21 20:00","6182727"
"2016-04-22 20:00","6195743"
"2016-04-23 20:00","6209634"
"2016-04-24 20:00","6223239"
"2016-04-25 20:00","6236614"
"2016-04-26 20:00","6249671"
"2016-04-27 20:00","6262059"
"2016-04-28 20:00","6273322"
"2016-04-29 20:00","6284212"
"2016-04-30 20:00","6297083"
"2016-05-01 20:00","6310209"
"2016-05-02 20:00","6324046"
"2016-05-03 20:00","6338781"
"2016-05-04 20:00","6354857"
"2016-05-05 20:00","6365934"
"2016-05-06 20:00","6377063"
"2016-05-07 20:00","6390276"
"2016-05-08 20:00","6403111"
"2016-05-09 20:00","6415993"
"2016-05-10 20:00","6428633"
"2016-05-11 20:00","6440322"
"2016-05-12 20:00","6451190"
"2016-05-13 20:00","6461963"
"2016-05-14 20:00","6474214"
"2016-05-15 20:00","6486572"
"2016-05-16 20:00","6499199"
"2016-05-17 20:00","6511838"
"2016-05-18 20:00","6523905"
"2016-05-19 20:00","6534816"
"2016-05-20 20:00","6546367"
"2016-05-21 20:00","6558783"
"2016-05-22 20:00","6572597"
"2016-05-23 20:00","6586165"
"2016-05-24 20:00","6598971"
"2016-05-25 20:00","6611357"
"2016-05-26 20:00","6622598"
"2016-05-27 20:00","6633807"
"2016-05-28 20:00","6645613"
"2016-05-29 20:00","6658710"
"2016-05-30 20:00","6671909"
"2016-05-31 20:00","6685180"
"2016-06-01 20:00","6697974"
"2016-06-02 20:00","6709746"
"2016-06-03 20:00","6721461"
"2016-06-04 20:00","6735611"
"2016-06-05 20:00","6749550"
"2016-06-06 20:00","6763065"
"2016-06-07 20:00","6775835"
"2016-06-08 20:00","6790279"
"2016-06-09 20:00","6804382"
"2016-06-10 20:00","6817426"
"2016-06-11 20:00","6834854"
"2016-06-12 20:00","6850664"
"2016-06-13 20:00","6865406"
"2016-06-14 20:00","6879840"
"2016-06-15 20:00","6894030"
"2016-06-16 20:00","6906790"
"2016-06-17 20:00","6918953"
"2016-06-18 20:00","6932714"
"2016-06-19 20:00","6946609"
"2016-06-20 20:00","6960788"
"2016-06-21 20:00","6974627"
"2016-06-22 20:00","6988231"
"2016-06-23 20:00","7001068"
"2016-06-24 20:00","7013738"
"2016-06-25 20:00","7034264"
"2016-06-26 20:00","7048759"
"2016-06-27 20:00","7064336"
"2016-06-28 20:00","7079537"
"2016-06-29 20:00","7095174"
"2016-06-30 20:00","7110811"
"2016-07-01 20:00","7126448"
"2016-07-02 20:00","7142085"
"2016-07-03 20:00","7157722"
"2016-07-04 20:00","7173359"
"2016-07-05 20:00","7188998"
"2016-07-06 20:00","7193811"
"2016-07-07 20:00","7209230"
"2016-07-08 20:00","7224551"
"2016-07-09 20:00","7241486"
"2016-07-10 20:00","7258950"
"2016-07-11 20:00","7276147"
"2016-07-12 20:00","7292661"
"2016-07-13 20:00","7307981"
"2016-07-14 20:00","7322279"
"2016-07-15 20:00","7336524"
"2016-07-16 20:00","7351822"
"2016-07-17 20:00","7367036"
"2016-07-18 20:00","7382298"
"2016-07-19 20:00","7398879"
"2016-07-20 20:00","7421733"
"2016-07-21 20:00","7435579"
"2016-07-22 20:00","7449325"
"2016-07-23 20:00","7469294"
"2016-07-24 20:00","7486102"
"2016-07-25 20:00","7506704"
"2016-07-26 20:00","7526032"
"2016-07-27 20:00","7545629"
"2016-07-28 20:00","7568561"
"2016-07-29 20:00","7584909"
"2016-07-30 20:00","7603169"
"2016-07-31 20:00","7629571"
"2016-08-01 20:00","7662819"
"2016-08-02 20:00","7679656"
"2016-08-03 20:00","7695991"
"2016-08-04 20:00","7711760"
"2016-08-05 20:00","7726472"
"2016-08-06 20:00","7742648"
"2016-08-07 20:00","7758815"
"2016-08-08 20:00","7775379"
"2016-08-09 20:00","7791605"
"2016-08-10 20:00","7806806"
"2016-08-11 20:00","7822355"
"2016-08-12 20:00","7837511"
"2016-08-13 20:00","7853947"
"2016-08-14 20:00","7870148"
"2016-08-15 20:00","7886066"
"2016-08-16 20:00","7902458"
"2016-08-17 20:00","7917905"
"2016-08-18 20:00","7931970"
"2016-08-19 20:00","7948906"
"2016-08-20 20:00","7965937"
"2016-08-21 20:00","7981903"
"2016-08-22 20:00","7998035"
"2016-08-23 20:00","8011785"
"2016-08-24 20:00","8024477"
"2016-08-25 20:00","8037709"
"2016-08-26 20:00","8051754"
"2016-08-27 20:00","8067560"
"2016-08-28 20:00","8083167"
"2016-08-29 20:00","8099404"
"2016-08-30 20:00","8126793"
"2016-08-31 20:00","8134230"
"2016-09-01 20:00","8146761"
"2016-09-02 20:00","8156647"
"2016-09-03 20:00","8171474"
"2016-09-04 20:00","8186473"
"2016-09-05 20:00","8200812"
"2016-09-06 20:00","8215245"
"2016-09-07 20:00","8229643"
"2016-09-08 20:00","8242571"
"2016-09-09 20:00","8255956"
"2016-09-10 20:00","8271360"
"2016-09-11 20:00","8286077"
"2016-09-12 20:00","8300827"
"2016-09-13 20:00","8315243"
"2016-09-14 20:00","8328930"
"2016-09-15 20:00","8342392"
"2016-09-16 20:00","8356013"
"2016-09-17 20:00","8371974"
"2016-09-18 20:00","8387186"
"2016-09-19 20:00","8401955"
"2016-09-20 20:00","8415683"
"2016-09-21 20:00","8429395"
"2016-09-22 20:00","8442022"
"2016-09-23 20:00","8455037"
"2016-09-24 20:00","8469800"
"2016-09-25 20:00","8484164"
"2016-09-26 20:00","8498547"
"2016-09-27 20:00","8513280"
"2016-09-28 20:00","8527265"
"2016-09-29 20:00","8539732"
"2016-09-30 20:00","8552910"
"2016-10-01 20:00","8567742"
"2016-10-02 20:00","8582202"
"2016-10-03 20:00","8596188"
"2016-10-04 20:00","8610212"
"2016-10-05 20:00","8623827"
"2016-10-06 20:00","8636767"
"2016-10-07 20:00","8650640"
"2016-10-08 20:00","8665611"
"2016-10-09 20:00","8681037"
"2016-10-10 20:00","8695977"
"2016-10-11 20:00","8711064"
"2016-10-12 20:00","8725625"
"2016-10-13 20:00","8739200"
"2016-10-14 20:00","8753414"
"2016-10-15 20:00","8768920"
"2016-10-16 20:00","8783994"
"2016-10-17 20:00","8799068"
"2016-10-18 20:00","8814142"
"2016-10-19 20:00","8829216"
"2016-10-20 20:00","8844290"
"2016-10-21 20:00","8859364"
"2016-10-22 20:00","8874438"
"2016-10-23 20:00","8889514"
"2016-10-24 20:00","8904217"
"2016-10-25 20:00","8918920"
"2016-10-26 20:00","8933623"
"2016-10-27 20:00","8948326"
"2016-10-28 20:00","8963029"
"2016-10-29 20:00","8977732"
"2016-10-30 20:00","8992435"
"2016-10-31 20:00","9007138"
"2016-11-01 20:00","9021841"
"2016-11-02 20:00","9036544"
"2016-11-03 20:00","9051247"
"2016-11-04 20:00","9065950"
"2016-11-05 20:00","9080653"
"2016-11-06 19:00","9095369"
"2016-11-07 19:00","9108775"
"2016-11-08 19:00","9122181"
"2016-11-09 19:00","9135588"
"2016-11-10 19:00","9149324"
"2016-11-11 19:00","9161883"
"2016-11-12 19:00","9177124"
"2016-11-13 19:00","9190800"
"2016-11-14 19:00","9204476"
"2016-11-15 19:00","9220779"
"2016-11-16 19:00","9234631"
"2016-11-17 19:00","9252124"
"2016-11-18 19:00","9264212"
"2016-11-19 19:00","9276301"
"2016-11-20 19:00","9294252"
"2016-11-21 19:00","9312203"
"2016-11-22 19:00","9324900"
"2016-11-23 19:00","9337598"
"2016-11-24 19:00","9354326"
"2016-11-25 19:00","9371054"
"2016-11-26 19:00","9387784"
"2016-11-27 19:00","9404970"
"2016-11-28 19:00","9422156"
"2016-11-29 19:00","9446465"
"2016-11-30 19:00","9462882"
"2016-12-01 19:00","9479299"
"2016-12-02 19:00","9495716"
"2016-12-03 19:00","9512134"
"2016-12-04 19:00","9526588"
"2016-12-05 19:00","9543335"
"2016-12-06 19:00","9560082"
"2016-12-07 19:00","9576829"
"2016-12-08 19:00","9593576"
"2016-12-09 19:00","9610323"
"2016-12-10 19:00","9627070"
"2016-12-11 19:00","9643817"
"2016-12-12 19:00","9660564"
"2016-12-13 19:00","9677311"
"2016-12-14 19:00","9694058"
"2016-12-15 19:00","9710805"
"2016-12-16 19:00","9727552"
"2016-12-17 19:00","9744299"
"2016-12-18 19:00","9761046"
"2016-12-19 19:00","9777793"
"2016-12-20 19:00","9794540"
"2016-12-21 19:00","9811287"
"2016-12-22 19:00","9828034"
"2016-12-23 19:00","9844781"
"2016-12-24 19:00","9861528"
"2016-12-25 19:00","9878275"
"2016-12-26 19:00","9895022"
"2016-12-27 19:00","9911769"
"2016-12-28 19:00","9928516"
"2016-12-29 19:00","9945276"
"2016-12-30 19:00","9960456"
"2016-12-31 19:00","9979823"
"2017-01-01 19:00","10001777"
"2017-01-02 19:00","10022236"
"2017-01-03 19:00","10042294"
"2017-01-04 19:00","10061952"
"2017-01-05 19:00","10080505"
"2017-01-06 19:00","10099968"
"2017-01-07 19:00","10120458"
"2017-01-08 19:00","10139623"
"2017-01-09 19:00","10158252"
"2017-01-10 19:00","10177117"
"2017-01-11 19:00","10194956"
"2017-01-12 19:00","10210763"
"2017-01-13 19:00","10227409"
"2017-01-14 19:00","10246223"
"2017-01-15 19:00","10264624"
"2017-01-16 19:00","10283391"
"2017-01-17 19:00","10301460"
"2017-01-18 19:00","10319483"
"2017-01-19 19:00","10335361"
"2017-01-20 19:00","10352658"
"2017-01-21 19:00","10372098"
"2017-01-22 19:00","10390860"
"2017-01-23 19:00","10408793"
"2017-01-24 19:00","10427142"
"2017-01-25 19:00","10444833"
"2017-01-26 19:00","10460893"
"2017-01-27 19:00","10477789"
"2017-01-28 19:00","10496664"
"2017-01-29 19:00","10515504"
"2017-01-30 19:00","10533659"
"2017-01-31 19:00","10551621"
"2017-02-01 19:00","10568940"
"2017-02-02 19:00","10585037"
"2017-02-03 19:00","10601904"
"2017-02-04 19:00","10619979"
"2017-02-05 19:00","10638670"
"2017-02-06 19:00","10656449"
"2017-02-07 19:00","10673970"
"2017-02-08 19:00","10692010"
"2017-02-09 19:00","10707787"
"2017-02-10 19:00","10723656"
"2017-02-11 19:00","10742234"
"2017-02-12 19:00","10759771"
"2017-02-13 19:00","10775226"
"2017-02-14 19:00","10792521"
"2017-02-15 19:00","10810503"
"2017-02-16 19:00","10827325"
"2017-02-17 19:00","10844110"
"2017-02-18 19:00","10862313"
"2017-02-19 19:00","10880845"
"2017-02-20 19:00","10898656"
"2017-02-21 19:00","10916205"
"2017-02-22 19:00","10933060"
"2017-02-23 19:00","10948650"
"2017-02-24 19:00","10965203"
"2017-02-25 19:00","10983090"
"2017-02-26 19:00","11000912"
"2017-02-27 19:00","11019030"
"2017-02-28 19:00","11036369"
"2017-03-01 19:00","11052630"
"2017-03-02 19:00","11067302"
"2017-03-03 19:00","11082217"
"2017-03-04 19:00","11098919"
"2017-03-05 19:00","11116844"
"2017-03-06 19:00","11135106"
"2017-03-07 19:00","11152452"
"2017-03-08 19:00","11169911"
"2017-03-09 19:00","11186305"
"2017-03-10 19:00","11220148"
"2017-03-11 19:00","11228995"
"2017-03-12 20:00","11237842"
"2017-03-13 20:00","11256616"
"2017-03-14 20:00","11274365"
"2017-03-15 20:00","11292534"
"2017-03-16 20:00","11308444"
"2017-03-17 20:00","11324540"
"2017-03-18 20:00","11342911"
"2017-03-19 20:00","11363406"
"2017-03-20 20:00","11383200"
"2017-03-21 20:00","11402942"
"2017-03-22 20:00","11422485"
"2017-03-23 20:00","11439589"
"2017-03-24 20:00","11456007"
"2017-03-25 20:00","11474512"
"2017-03-26 20:00","11493455"
"2017-03-27 20:00","11513405"
"2017-03-28 20:00","11532166"
"2017-03-29 20:00","11550927"
"2017-03-30 20:00","11568800"
"2017-03-31 20:00","11588711"
"2017-04-01 20:00","11609985"
"2017-04-02 20:00","11629709"
"2017-04-03 20:00","11649047"
"2017-04-04 20:00","11668392"
"2017-04-05 20:00","11686566"
"2017-04-06 20:00","11702745"
"2017-04-07 20:00","11718949"
"2017-04-08 20:00","11736570"
"2017-04-09 20:00","11754138"
"2017-04-10 20:00","11771972"
"2017-04-11 20:00","11788954"
"2017-04-12 20:00","11806181"
"2017-04-13 20:00","11822866"
"2017-04-14 20:00","11839625"
"2017-04-15 20:00","11857894"
"2017-04-16 20:00","11875729"
"2017-04-17 20:00","11895843"
"2017-04-18 20:00","11916970"
"2017-04-19 20:00","11936853"
"2017-04-20 20:00","11955357"
"2017-04-21 20:00","11973858"
"2017-04-22 20:00","11994984"
"2017-04-23 20:00","12012374"
"2017-04-24 20:00","12026086"
"2017-04-25 20:00","12039489"
"2017-04-26 20:00","12051826"
"2017-04-27 20:00","12062595"
"2017-04-28 20:00","12073929"
"2017-04-29 20:00","12086291"
"2017-04-30 20:00","12099203"
"2017-05-01 20:00","12111650"
"2017-05-02 20:00","12124061"
"2017-05-03 20:00","12136271"
"2017-05-04 20:00","12146927"
"2017-05-05 20:00","12158084"
"2017-05-06 20:00","12170335"
"2017-05-07 20:00","12182412"
"2017-05-08 20:00","12193843"
"2017-05-09 20:00","12203971"
"2017-05-10 20:00","12214273"
"2017-05-11 20:00","12224376"
"2017-05-12 20:00","12234056"
"2017-05-13 20:00","12244088"
"2017-05-14 20:00","12254399"
"2017-05-15 20:00","12264342"
"2017-05-16 20:00","12274358"
"2017-05-17 20:00","12284294"
"2017-05-18 20:00","12293241"
"2017-05-19 20:00","12303084"
"2017-05-20 20:00","12313855"
"2017-05-21 20:00","12324899"
"2017-05-22 20:00","12336995"
"2017-05-23 20:00","12347801"
"2017-05-24 20:00","12357760"
"2017-05-25 20:00","12366693"
"2017-05-26 20:00","12375286"
"2017-05-27 20:00","12385333"
"2017-05-28 20:00","12395863"
"2017-05-29 20:00","12406960"
"2017-05-30 20:00","12415952"
"2017-05-31 20:00","12421904"
"2017-06-01 20:00","12426598"
"2017-06-02 20:00","12431384"
"2017-06-03 20:00","12436497"
"2017-06-04 20:00","12441449"
"2017-06-05 20:00","12446728"
"2017-06-06 20:00","12451594"
"2017-06-07 20:00","12456168"
"2017-06-08 20:00","12460575"
"2017-06-09 20:00","12464672"
"2017-06-10 20:00","12469318"
"2017-06-11 20:00","12474235"
"2017-06-12 20:00","12478943"
"2017-06-13 20:00","12483280"
"2017-06-14 20:00","12487696"
"2017-06-15 20:00","12491688"
"2017-06-16 20:00","12495523"
"2017-06-17 20:00","12499671"
"2017-06-18 20:00","12504059"
"2017-06-19 20:00","12508450"
"2017-06-20 20:00","12513205"
"2017-06-21 20:00","12517702"
"2017-06-22 20:00","12521891"
"2017-06-23 20:00","12526032"
"2017-06-24 20:00","12530705"
"2017-06-25 20:00","12535290"
"2017-06-26 20:00","12539739"
"2017-06-27 20:00","12544450"
"2017-06-28 20:00","12548693"
"2017-06-29 20:00","12552405"
"2017-06-30 20:00","12555895"
"2017-07-01 20:00","12560172"
"2017-07-02 20:00","12563976"
"2017-07-03 20:00","12568228"
"2017-07-04 20:00","12573782"
"2017-07-05 20:00","12578958"
"2017-07-06 20:00","12583064"
"2017-07-07 20:00","12587323"
"2017-07-08 20:00","12592043"
"2017-07-09 20:00","12596732"
"2017-07-10 20:00","12600898"
"2017-07-11 20:00","12604855"
"2017-07-12 20:00","12609767"
"2017-07-13 20:00","12614679"
"2017-07-14 20:00","12619591"
"2017-07-15 20:00","12624503"
"2017-07-16 20:00","12629415"
"2017-07-17 20:00","12634329"
"2017-07-18 20:00","12637670"
"2017-07-19 20:00","12641863"
"2017-07-20 20:00","12645849"
"2017-07-21 20:00","12649475"
"2017-07-22 20:00","12653624"
"2017-07-23 20:00","12657904"
"2017-07-24 20:00","12662159"
"2017-07-25 20:00","12667520"
"2017-07-26 20:00","12671159"
"2017-07-27 20:00","12674950"
"2017-07-28 20:00","12678543"
"2017-07-29 20:00","12683404"
"2017-07-30 20:00","12686669"
"2017-07-31 20:00","12691382"
"2017-08-01 20:00","12695928"
"2017-08-02 20:00","12700370"
"2017-08-03 20:00","12704676"
"2017-08-04 20:00","12708497"
"2017-08-05 20:00","12712691"
"2017-08-06 20:00","12717106"
"2017-08-07 20:00","12721732"
"2017-08-08 20:00","12725238"
"2017-08-09 20:00","12729343"
"2017-08-10 20:00","12733121"
"2017-08-11 20:00","12736513"
"2017-08-12 20:00","12740357"
"2017-08-13 20:00","12744201"
"2017-08-14 20:00","12748305"
"2017-08-15 20:00","12752268"
"2017-08-16 20:00","12755858"
"2017-08-17 20:00","12759448"
"2017-08-18 20:00","12763287"
"2017-08-19 20:00","12767111"
"2017-08-20 20:00","12770663"
"2017-08-21 20:00","12774540"
"2017-08-22 20:00","12778268"
"2017-08-23 20:00","12782458"
"2017-08-24 20:00","12785927"
"2017-08-25 20:00","12789787"
"2017-08-26 20:00","12793407"
"2017-08-27 20:00","12797881"
"2017-08-28 20:00","12801819"
"2017-08-29 20:00","12805461"
"2017-08-30 20:00","12809171"
"2017-08-31 20:00","12812675"
"2017-09-01 20:00","12816231"
"2017-09-02 20:00","12819996"
"2017-09-03 20:00","12823675"
"2017-09-04 20:00","12826968"
"2017-09-05 20:00","12831743"
"2017-09-06 20:00","12836560"
"2017-09-07 20:00","12840924"
"2017-09-08 20:00","12845151"
"2017-09-09 20:00","12849807"
"2017-09-10 20:00","12855955"
"2017-09-11 20:00","12859922"
"2017-09-12 20:00","12864385"
"2017-09-13 20:00","12868525"
"2017-09-14 20:00","12872265"
"2017-09-15 20:00","12876005"
"2017-09-16 20:00","12880944"
"2017-09-17 20:00","12884940"
"2017-09-18 20:00","12888805"
"2017-09-19 20:00","12893897"
"2017-09-20 20:00","12898215"
"2017-09-21 20:00","12902279"
"2017-09-22 20:00","12906863"
"2017-09-23 20:00","12911745"
"2017-09-24 20:00","12915887"
"2017-09-25 20:00","12919866"
"2017-09-26 20:00","12924013"
"2017-09-27 20:00","12927922"
"2017-09-28 20:00","12931586"
"2017-09-29 20:00","12935750"
"2017-09-30 20:00","12940044"
"2017-10-01 20:00","12944849"
"2017-10-02 20:00","12950178"
"2017-10-03 20:00","12954269"
"2017-10-04 20:00","12957924"
"2017-10-05 20:00","12962312"
"2017-10-06 20:00","12966701"
"2017-10-07 20:00","12971040"
"2017-10-08 20:00","12975379"
"2017-10-09 20:00","12979032"
"2017-10-10 20:00","12982685"
"2017-10-11 20:00","12986118"
"2017-10-12 20:00","12989552"
"2017-10-13 20:00","12993467"
"2017-10-14 20:00","12997786"
"2017-10-15 20:00","13001776"
"2017-10-16 20:00","13005950"
"2017-10-17 20:00","13009926"
"2017-10-18 20:00","13013632"
"2017-10-19 20:00","13017605"
"2017-10-20 20:00","13021578"
"2017-10-21 20:00","13025551"
"2017-10-22 20:00","13030715"
"2017-10-23 20:00","13036224"
"2017-10-24 20:00","13041437"
"2017-10-25 20:00","13045670"
"2017-10-26 20:00","13049450"
"2017-10-27 20:00","13052841"
"2017-10-28 20:00","13057552"
"2017-10-29 20:00","13062351"
"2017-10-30 20:00","13065744"
"2017-10-31 20:00","13069934"
"2017-11-01 20:00","13073907"
"2017-11-02 20:00","13077576"
"2017-11-03 20:00","13082792"
"2017-11-04 20:00","13088008"
"2017-11-05 19:00","13093225"
"2017-11-06 19:00","13097541"
"2017-11-07 19:00","13101857"
"2017-11-08 19:00","13106173"
"2017-11-09 19:00","13110489"
"2017-11-10 19:00","13114805"
"2017-11-11 19:00","13119121"
"2017-11-12 19:00","13124550"
"2017-11-13 19:00","13129395"
"2017-11-14 19:00","13134528"
"2017-11-15 19:00","13139088"
"2017-11-16 19:00","13143239"
"2017-11-17 19:00","13147505"
"2017-11-18 19:00","13152443"
"2017-11-19 19:00","13157460"
"2017-11-20 19:00","13161983"
"2017-11-21 19:00","13166081"
"2017-11-22 19:00","13170032"
"2017-11-23 19:00","13173628"
"2017-11-24 19:00","13177803"
"2017-11-25 19:00","13182395"
"2017-11-26 19:00","13186962"
"2017-11-27 19:00","13191307"
"2017-11-28 19:00","13197120"
"2017-11-29 19:00","13201849"
"2017-11-30 19:00","13205920"
"2017-12-01 19:00","13210745"
"2017-12-02 19:00","13217417"
"2017-12-03 19:00","13221748"
"2017-12-04 19:00","13226497"
"2017-12-05 19:00","13231261"
"2017-12-06 19:00","13235977"
"2017-12-07 19:00","13241047"
"2017-12-08 19:00","13246118"
"2017-12-09 19:00","13251576"
"2017-12-10 19:00","13256036"
"2017-12-11 19:00","13260768"
"2017-12-12 19:00","13265623"
"2017-12-13 19:00","13269988"
"2017-12-14 19:00","13274187"
"2017-12-15 19:00","13279109"
"2017-12-16 19:00","13284733"
"2017-12-17 19:00","13289585"
"2017-12-18 19:00","13295270"
"2017-12-19 19:00","13300063"
"2017-12-20 19:00","13304632"
"2017-12-21 19:00","13309288"
"2017-12-22 19:00","13313965"
"2017-12-23 19:00","13318692"
"2017-12-24 19:00","13323769"
"2017-12-25 19:00","13329048"
"2017-12-26 19:00","13335089"
"2017-12-27 19:00","13342408"
"2017-12-28 19:00","13347894"
"2017-12-29 19:00","13353785"
"2017-12-30 19:00","13359419"
"2017-12-31 19:00","13365243"
"2018-01-01 19:00","13372607"
"2018-01-02 19:00","13378745"
"2018-01-03 19:00","13385113"
"2018-01-04 19:00","13390579"
"2018-01-05 19:00","13396444"
"2018-01-06 19:00","13402132"
"2018-01-07 19:00","13408265"
"2018-01-08 19:00","13414141"
"2018-01-09 19:00","13419377"
"2018-01-10 19:00","13425546"
"2018-01-11 19:00","13431686"
"2018-01-12 19:00","13437263"
"2018-01-13 19:00","13443075"
"2018-01-14 19:00","13449304"
"2018-01-15 19:00","13455058"
"2018-01-16 19:00","13460400"
"2018-01-17 19:00","13465837"
"2018-01-18 19:00","13470635"
"2018-01-19 19:00","13476117"
"2018-01-20 19:00","13482090"
"2018-01-21 19:00","13487720"
"2018-01-22 19:00","13493170"
"2018-01-23 19:00","13498620"
"2018-01-24 19:00","13503525"
"2018-01-25 19:00","13507937"
"2018-01-26 19:00","13512766"
"2018-01-27 19:00","13519224"
"2018-01-28 19:00","13524386"
"2018-01-29 19:00","13529361"
"2018-01-30 19:00","13534283"
"2018-01-31 19:00","13539243"
"2018-02-01 19:00","13543793"
"2018-02-02 19:00","13548982"
"2018-02-03 19:00","13554243"
"2018-02-04 19:00","13559417"
"2018-02-05 19:00","13564488"
"2018-02-06 19:00","13569073"
"2018-02-07 19:00","13573634"
"2018-02-08 19:00","13578001"
"2018-02-09 19:00","13582750"
"2018-02-10 19:00","13588202"
"2018-02-11 19:00","13593004"
"2018-02-12 19:00","13597553"
"2018-02-13 19:00","13601551"
"2018-02-14 19:00","13605920"
"2018-02-15 19:00","13609828"
"2018-02-16 19:00","13614050"
"2018-02-17 19:00","13619195"
"2018-02-18 19:00","13623723"
"2018-02-19 19:00","13628495"
"2018-02-20 19:00","13632940"
"2018-02-21 19:00","13636977"
"2018-02-22 19:00","13641236"
"2018-02-23 19:00","13645495"
"2018-02-24 19:00","13649754"
"2018-02-25 19:00","13654013"
"2018-02-26 19:00","13658272"
"2018-02-27 19:00","None"
"2018-02-28 19:00","None"
"2018-03-01 19:00","None"
"2018-03-02 19:00","None"
"2018-03-03 19:00","None"
"2018-03-04 19:00","None"
"2018-03-05 19:00","None"
"2018-03-06 19:00","None"
"2018-03-07 19:00","None"
"2018-03-08 19:00","None"
"2018-03-09 19:00","None"
"2018-03-10 19:00","None"
"2018-03-11 20:00","None"
"2018-03-12 20:00","None"
"2018-03-13 20:00","13723261"
"2018-03-14 20:00","13727052"
"2018-03-15 20:00","13731983"
"2018-03-16 20:00","13735320"
"2018-03-17 20:00","13739726"
"2018-03-18 20:00","13744139"
"2018-03-19 20:00","13748172"
"2018-03-20 20:00","13752104"
"2018-03-21 20:00","13756513"
"2018-03-22 20:00","13760823"
"2018-03-23 20:00","13764916"
"2018-03-24 20:00","13765140"
"2018-03-25 20:00","13773736"
"2018-03-26 20:00","13780084"
"2018-03-27 20:00","13786105"
"2018-03-28 20:00","13791970"
"2018-03-29 20:00","13797491"
"2018-03-30 20:00","13803273"
"2018-03-31 20:00","13809322"
"2018-04-01 20:00","13816041"
"2018-04-02 20:00","13820112"
"2018-04-03 20:00","13825080"
"2018-04-04 20:00","13829205"
"2018-04-05 20:00","13834255"
"2018-04-06 20:00","13839578"
"2018-04-07 20:00","13845046"
"2018-04-08 20:00","13851021"
"2018-04-09 20:00","13856567"
"2018-04-10 20:00","13862083"
"2018-04-11 20:00","13867610"
"2018-04-12 20:00","13872911"
"2018-04-13 20:00","13877624"
"2018-04-14 20:00","13883278"
"2018-04-15 20:00","13889308"
"2018-04-16 20:00","13895283"
"2018-04-17 20:00","13900358"
"2018-04-18 20:00","13905067"
"2018-04-19 20:00","13910949"
"2018-04-20 20:00","13915640"
"2018-04-21 20:00","13920796"
"2018-04-22 20:00","13926412"
"2018-04-23 20:00","13932706"
"2018-04-24 20:00","13938384"
"2018-04-25 20:00","13944333"
"2018-04-26 20:00","13949201"
"2018-04-27 20:00","13954397"
"2018-04-28 20:00","13960179"
"2018-04-29 20:00","13965827"
"2018-04-30 20:00","13971702"
"2018-05-01 20:00","13978123"
"2018-05-02 20:00","13983961"
"2018-05-03 20:00","13990127"
"2018-05-04 20:00","13995016"
"2018-05-05 20:00","14000506"
"2018-05-06 20:00","14006135"
"2018-05-07 20:00","14012003"
"2018-05-08 20:00","14017348"
"2018-05-09 20:00","14022754"
"2018-05-10 20:00","14028494"
"2018-05-11 20:00","14033149"
"2018-05-12 20:00","14038804"
"2018-05-13 20:00","14044619"
"2018-05-14 20:00","14049808"
"2018-05-15 20:00","14055602"
"2018-05-16 20:00","14061372"
"2018-05-17 20:00","14066351"
"2018-05-18 20:00","14071311"
"2018-05-19 20:00","14077917"
"2018-05-20 20:00","14083766"
"2018-05-21 20:00","14089478"
"2018-05-22 20:00","14095228"
"2018-05-23 20:00","14100777"
"2018-05-24 20:00","14106190"
"2018-05-25 20:00","14111529"
"2018-05-26 20:00","14115815"
"2018-05-27 20:00","14124606"
"2018-05-28 20:00","14127825"
"2018-05-29 20:00","14134223"
"2018-05-30 20:00","14140714"
"2018-05-31 20:00","14146415"
"2018-06-01 20:00","14152575"
"2018-06-02 20:00","14159640"
"2018-06-03 20:00","14161368"
"2018-06-04 20:00","14173946"
"2018-06-05 20:00","14183073"
"2018-06-06 20:00","14188365"
"2018-06-07 20:00","14197344"
"2018-06-08 20:00","14203024"
"2018-06-09 20:00","14209127"
"2018-06-10 20:00","14215403"
"2018-06-11 20:00","14221203"
"2018-06-12 20:00","14227147"
"2018-06-13 20:00","14233099"
"2018-06-14 20:00","14238814"
"2018-06-15 20:00","14244654"
"2018-06-16 20:00","14250631"
"2018-06-17 20:00","14256729"
"2018-06-18 20:00","14262602"
"2018-06-19 20:00","14268814"
"2018-06-20 20:00","14274259"
"2018-06-21 20:00","14279455"
"2018-06-22 20:00","14285031"
"2018-06-23 20:00","14291871"
"2018-06-24 20:00","14299233"
"2018-06-25 20:00","14306523"
"2018-06-26 20:00","14312993"
"2018-06-27 20:00","14319671"
"2018-06-28 20:00","14325135"
"2018-06-29 20:00","14330529"
"2018-06-30 20:00","14336438"
"2018-07-01 20:00","14342527"
"2018-07-02 20:00","14349600"
"2018-07-03 20:00","14356842"
"2018-07-04 20:00","14363719"
"2018-07-05 20:00","14371240"
"2018-07-06 20:00","14377840"
"2018-07-07 20:00","14386457"
"2018-07-08 20:00","14395702"
"2018-07-09 20:00","14403135"
"2018-07-10 20:00","14409929"
"2018-07-11 20:00","14416327"
"2018-07-12 20:00","14423409"
"2018-07-13 20:00","14429816"
"2018-07-14 20:00","14438341"
"2018-07-15 20:00","14445163"
"2018-07-16 20:00","14452192"
"2018-07-17 20:00","14459560"
"2018-07-18 20:00","14466403"
"2018-07-19 20:00","14472954"
"2018-07-20 20:00","14482078"
"2018-07-21 20:00","14486196"
"2018-07-22 20:00","14493397"
"2018-07-23 20:00","14500796"
"2018-07-24 20:00","14508224"
"2018-07-25 20:00","14515301"
"2018-07-26 20:00","14521339"
"2018-07-27 20:00","14527635"
"2018-07-28 20:00","14534577"
"2018-07-29 20:00","14541752"
"2018-07-30 20:00","14548660"
"2018-07-31 20:00","14555906"
"2018-08-01 20:00","14563413"
"2018-08-02 20:00","14572603"
"2018-08-03 20:00","14582600"
"2018-08-04 20:00","14593218"
"2018-08-05 20:00","14602837"
"2018-08-06 20:00","14612261"
"2018-08-07 20:00","14622134"
"2018-08-08 20:00","14632624"
"2018-08-09 20:00","14643880"
"2018-08-10 20:00","14648970"
"2018-08-11 20:00","14663757"
"2018-08-12 20:00","14673992"
"2018-08-13 20:00","14684911"
"2018-08-14 20:00","14695844"
"2018-08-15 20:00","14706077"
"2018-08-16 20:00","14715170"
"2018-08-17 20:00","14725023"
"2018-08-18 20:00","14735824"
"2018-08-19 20:00","14746697"
"2018-08-20 20:00","14756928"
"2018-08-21 20:00","14767928"
"2018-08-22 20:00","14777678"
"2018-08-23 20:00","14786597"
"2018-08-24 20:00","14796374"
"2018-08-25 20:00","14806585"
"2018-08-26 20:00","14817272"
"2018-08-27 20:00","14827526"
"2018-08-28 20:00","14836074"
"2018-08-29 20:00","14843652"
"2018-08-30 20:00","14849293"
"2018-08-31 20:00","14856228"
"2018-09-01 20:00","14862495"
"2018-09-02 20:00","14869009"
"2018-09-03 20:00","14874949"
"2018-09-04 20:00","None"
"2018-09-05 20:00","14887391"
"2018-09-06 20:00","14892669"
"2018-09-07 20:00","14896303"
"2018-09-08 20:00","14904073"
"2018-09-09 20:00","None"
"2018-09-10 20:00","None"
"2018-09-11 20:00","None"
"2018-09-12 20:00","None"
"2018-09-13 20:00","None"
"2018-09-14 20:00","None"
"2018-09-15 20:00","None"
"2018-09-16 20:00","None"
"2018-09-17 20:00","None"
"2018-09-18 20:00","None"
"2018-09-19 20:00","None"
"2018-09-20 20:00","None"
"2018-09-21 20:00","None"
"2018-09-22 20:00","None"
"2018-09-23 20:00","14997114"
"2018-09-24 20:00","15004276"
"2018-09-25 20:00","15010284"
"2018-09-26 20:00","15015602"
"2018-09-27 20:00","15020480"
"2018-09-28 20:00","15025865"
"2018-09-29 20:00","15032109"
"2018-09-30 20:00","15038552"
"2018-10-01 20:00","15044383"
"2018-10-02 20:00","15050009"
"2018-10-03 20:00","15056440"
"2018-10-04 20:00","15062189"
"2018-10-05 20:00","15067249"
"2018-10-06 20:00","15073371"
"2018-10-07 20:00","15080366"
"2018-10-08 20:00","15086951"
"2018-10-09 20:00","15092731"
"2018-10-10 20:00","15098183"
"2018-10-11 20:00","15103722"
"2018-10-12 20:00","15109109"
"2018-10-13 20:00","15114979"
"2018-10-14 20:00","15121081"
"2018-10-15 20:00","15126387"
"2018-10-16 20:00","15132603"
"2018-10-17 20:00","15138639"
"2018-10-18 20:00","15144124"
"2018-10-19 20:00","15150033"
"2018-10-20 20:00","15156404"
"2018-10-21 20:00","15163520"
"2018-10-22 20:00","15169480"
"2018-10-23 20:00","15175365"
"2018-10-24 20:00","15181020"
"2018-10-25 20:00","15187154"
"2018-10-26 20:00","15192709"
"2018-10-27 20:00","15199083"
"2018-10-28 20:00","15204850"
"2018-10-29 20:00","15211004"
"2018-10-30 20:00","15217867"
"2018-10-31 20:00","15223682"
"2018-11-01 20:00","15230064"
"2018-11-02 20:00","15235566"
"2018-11-03 20:00","15242278"
"2018-11-04 19:00","15249966"
"2018-11-05 19:00","15255854"
"2018-11-06 19:00","15260916"
"2018-11-07 19:00","15265590"
"2018-11-08 19:00","15271046"
"2018-11-09 19:00","15276084"
"2018-11-10 19:00","15282435"
"2018-11-11 19:00","15288327"
"2018-11-12 19:00","15294229"
"2018-11-13 19:00","15299708"
"2018-11-14 19:00","15304325"
"2018-11-15 19:00","15309751"
"2018-11-16 19:00","15314284"
"2018-11-17 19:00","15319860"
"2018-11-18 19:00","15325081"
"2018-11-19 19:00","15329937"
"2018-11-20 19:00","15334589"
"2018-11-21 19:00","15339460"
"2018-11-22 19:00","15344535"
"2018-11-23 19:00","15350142"
"2018-11-24 19:00","15356653"
"2018-11-25 19:00","15362361"
"2018-11-26 19:00","15367851"
"2018-11-27 19:00","15373554"
"2018-11-28 19:00","15379820"
"2018-11-29 19:00","15384945"
"2018-11-30 19:00","15390986"
"2018-12-01 19:00","15396201"
"2018-12-02 19:00","15402820"
"2018-12-03 19:00","15413924"
"2018-12-04 19:00","15425305"
"2018-12-05 19:00","15436274"
"2018-12-06 19:00","15446991"
"2018-12-07 19:00","15458310"
"2018-12-08 19:00","15469961"
"2018-12-09 19:00","15481556"
"2018-12-10 19:00","15492687"
"2018-12-11 19:00","15503379"
"2018-12-12 19:00","15513742"
"2018-12-13 19:00","15523567"
"2018-12-14 19:00","15533853"
"2018-12-15 19:00","15545187"
"2018-12-16 19:00","15558424"
"2018-12-17 19:00","15571317"
"2018-12-18 19:00","15582369"
"2018-12-19 19:00","15593594"
"2018-12-20 19:00","15604116"
"2018-12-21 19:00","15614280"
"2018-12-22 19:00","15625816"
"2018-12-23 19:00","15637212"
"2018-12-24 19:00","15646927"
"2018-12-25 19:00","15659407"
"2018-12-26 19:00","15672639"
"2018-12-27 19:00","15686254"
"2018-12-28 19:00","15699850"
"2018-12-29 19:00","15715495"
"2018-12-30 19:00","15728186"
"2018-12-31 19:00","15740306"
"2019-01-01 19:00","15755216"
"2019-01-02 19:00","15770065"
"2019-01-03 19:00","15784201"
"2019-01-04 19:00","15801066"
"2019-01-05 19:00","15817833"
"2019-01-06 19:00","15832599"
"2019-01-07 19:00","15846184"
"2019-01-08 19:00","15862149"
"2019-01-09 19:00","15875390"
"2019-01-10 19:00","15888776"
"2019-01-11 19:00","15901874"
"2019-01-12 19:00","15915869"
"2019-01-13 19:00","15928892"
"2019-01-14 19:00","15942816"
"2019-01-15 19:00","15956220"
"2019-01-16 19:00","15969682"
"2019-01-17 19:00","15983075"
"2019-01-18 19:00","15995325"
"2019-01-19 19:00","16009970"
"2019-01-20 19:00","16024993"
"2019-01-21 19:00","16039950"
"2019-01-22 19:00","16053643"
"2019-01-23 19:00","16065898"
"2019-01-24 19:00","16078081"
"2019-01-25 19:00","16090073"
"2019-01-26 19:00","16103393"
"2019-01-27 19:00","16119319"
"2019-01-28 19:00","16133991"
"2019-01-29 19:00","16146928"
"2019-01-30 19:00","16160168"
"2019-01-31 19:00","16172396"
"2019-02-01 19:00","16185532"
"2019-02-02 19:00","16199668"
"2019-02-03 19:00","16213709"
"2019-02-04 19:00","16226328"
"2019-02-05 19:00","16240205"
"2019-02-06 19:00","16253326"
"2019-02-07 19:00","16265935"
"2019-02-08 19:00","16280862"
"2019-02-09 19:00","16295580"
"2019-02-10 19:00","16309884"
"2019-02-11 19:00","16325340"
"2019-02-12 19:00","16338832"
"2019-02-13 19:00","16350328"
"2019-02-14 19:00","16361476"
"2019-02-15 19:00","16372829"
"2019-02-16 19:00","16387167"
"2019-02-17 19:00","16401038"
"2019-02-18 19:00","16414795"
"2019-02-19 19:00","16427224"
"2019-02-20 19:00","16439572"
"2019-02-21 19:00","16451462"
"2019-02-22 19:00","16463365"
"2019-02-23 19:00","16477277"
"2019-02-24 19:00","16489754"
"2019-02-25 19:00","16501679"
"2019-02-26 19:00","16513448"
"2019-02-27 19:00","16525305"
"2019-02-28 19:00","16536274"
"2019-03-01 19:00","16549384"
"2019-03-02 19:00","16562955"
"2019-03-03 19:00","16576303"
"2019-03-04 19:00","16586957"
"2019-03-05 19:00","16598588"
"2019-03-06 19:00","16609989"
"2019-03-07 19:00","16620939"
"2019-03-08 19:00","16633573"
"2019-03-09 19:00","16647026"
"2019-03-10 20:00","16660494"
"2019-03-11 20:00","16672315"
"2019-03-12 20:00","16683869"
"2019-03-13 20:00","16696432"
"2019-03-14 20:00","16707130"
"2019-03-15 20:00","16718034"
"2019-03-16 20:00","16731791"
"2019-03-17 20:00","16743978"
"2019-03-18 20:00","16756214"
"2019-03-19 20:00","16768219"
"2019-03-20 20:00","16778601"
"2019-03-21 20:00","16790473"
"2019-03-22 20:00","16801772"
"2019-03-23 20:00","16813389"
"2019-03-24 20:00","16824874"
"2019-03-25 20:00","16837236"
"2019-03-26 20:00","16848327"
"2019-03-27 20:00","16858330"
"2019-03-28 20:00","16868366"
"2019-03-29 20:00","16878384"
"2019-03-30 20:00","16890153"
"2019-03-31 20:00","16901538"
"2019-04-01 20:00","16912669"
"2019-04-02 20:00","16921867"
"2019-04-03 20:00","16932714"
"2019-04-04 20:00","16943282"
"2019-04-05 20:00","16953681"
"2019-04-06 20:00","16964422"
"2019-04-07 20:00","16975989"
"2019-04-08 20:00","16987884"
"2019-04-09 20:00","16998224"
"2019-04-10 20:00","17008095"
"2019-04-11 20:00","17017403"
"2019-04-12 20:00","17027469"
"2019-04-13 20:00","17039026"
"2019-04-14 20:00","17049429"
"2019-04-15 20:00","17061330"
"2019-04-16 20:00","17071829"
"2019-04-17 20:00","17083174"
"2019-04-18 20:00","17094756"
"2019-04-19 20:00","17106409"
"2019-04-20 20:00","17117833"
"2019-04-21 20:00","17129530"
"2019-04-22 20:00","17142086"
"2019-04-23 20:00","17153879"
"2019-04-24 20:00","17164999"
"2019-04-25 20:00","17176227"
"2019-04-26 20:00","17186487"
"2019-04-27 20:00","17197489"
"2019-04-28 20:00","17208590"
"2019-04-29 20:00","17219591"
"2019-04-30 20:00","17230010"
"2019-05-01 20:00","17241162"
"2019-05-02 20:00","17251484"
"2019-05-03 20:00","17262045"
"2019-05-04 20:00","17273481"
"2019-05-05 20:00","17284385"
"2019-05-06 20:00","17295030"
"2019-05-07 20:00","17305902"
"2019-05-08 20:00","17315993"
"2019-05-09 20:00","17325494"
"2019-05-10 20:00","17335115"
"2019-05-11 20:00","17345868"
"2019-05-12 20:00","17356497"
"2019-05-13 20:00","17367912"
"2019-05-14 20:00","17379193"
"2019-05-15 20:00","17390122"
"2019-05-16 20:00","17399730"
"2019-05-17 20:00","17408853"
"2019-05-18 20:00","17419285"
"2019-05-19 20:00","17429529"
"2019-05-20 20:00","17439727"
"2019-05-21 20:00","17446711"
"2019-05-22 20:00","17457373"
"2019-05-23 20:00","17466623"
"2019-05-24 20:00","17476609"
"2019-05-25 20:00","17487921"
"2019-05-26 20:00","17500436"
"2019-05-27 20:00","17510967"
"2019-05-28 20:00","17521137"
"2019-05-29 20:00","17531089"
"2019-05-30 20:00","17541506"
"2019-05-31 20:00","17552201"
"2019-06-01 20:00","17563714"
"2019-06-02 20:00","17574648"
"2019-06-03 20:00","17585506"
"2019-06-04 20:00","17595818"
"2019-06-05 20:00","17606973"
"2019-06-06 20:00","17616338"
"2019-06-07 20:00","17626759"
"2019-06-08 20:00","17637742"
"2019-06-09 20:00","17648309"
"2019-06-10 20:00","17659777"
"2019-06-11 20:00","17671118"
"2019-06-12 20:00","17682387"
"2019-06-13 20:00","17692763"
"2019-06-14 20:00","17704015"
"2019-06-15 20:00","17715189"
"2019-06-16 20:00","17725669"
"2019-06-17 20:00","17736626"
"2019-06-18 20:00","17747282"
"2019-06-19 20:00","17760608"
"2019-06-20 20:00","17770544"
"2019-06-21 20:00","17780226"
"2019-06-22 20:00","17790570"
"2019-06-23 20:00","17800987"
"2019-06-24 20:00","17812215"
"2019-06-25 20:00","17824037"
"2019-06-26 20:00","17835355"
"2019-06-27 20:00","17842245"
"2019-06-28 20:00","17855675"
"2019-06-29 20:00","17866481"
"2019-06-30 20:00","17877192"
"2019-07-01 20:00","17884738"
"2019-07-02 20:00","17891520"
"2019-07-03 20:00","17898514"
"2019-07-04 20:00","17905655"
"2019-07-05 20:00","17912255"
"2019-07-06 20:00","17918952"
"2019-07-07 20:00","17926025"
"2019-07-08 20:00","17933674"
"2019-07-09 20:00","17940958"
"2019-07-10 20:00","17948249"
"2019-07-11 20:00","17955230"
"2019-07-12 20:00","17963215"
"2019-07-13 20:00","17971356"
"2019-07-14 20:00","17978793"
"2019-07-15 20:00","17987065"
"2019-07-16 20:00","17995224"
"2019-07-17 20:00","18001919"
"2019-07-18 20:00","18008517"
"2019-07-19 20:00","18014166"
"2019-07-20 20:00","18021744"
"2019-07-21 20:00","18028951"
"2019-07-22 20:00","18037166"
"2019-07-23 20:00","18044533"
"2019-07-24 20:00","18051744"
"2019-07-25 20:00","18058555"
"2019-07-26 20:00","18065502"
"2019-07-27 20:00","18074572"
"2019-07-28 20:00","18082695"
"2019-07-29 20:00","18090546"
"2019-07-30 20:00","18097535"
"2019-07-31 20:00","18105132"
"2019-08-01 20:00","18111306"
"2019-08-02 20:00","18118028"
"2019-08-03 20:00","18125274"
"2019-08-04 20:00","18132480"
"2019-08-05 20:00","18138975"
"2019-08-06 20:00","18147247"
"2019-08-07 20:00","18154269"
"2019-08-08 20:00","18160699"
"2019-08-09 20:00","18167487"
"2019-08-10 20:00","18174848"
"2019-08-11 20:00","18181876"
"2019-08-12 20:00","18188261"
"2019-08-13 20:00","18195202"
"2019-08-14 20:00","18202103"
"2019-08-15 20:00","18208638"
"2019-08-16 20:00","18218150"
"2019-08-17 20:00","18227429"
"2019-08-18 20:00","18239671"
"2019-08-19 20:00","18251028"
"2019-08-20 20:00","18259181"
"2019-08-21 20:00","18265128"
"2019-08-22 20:00","18271667"
"2019-08-23 20:00","18279282"
"2019-08-24 20:00","18285915"
"2019-08-25 20:00","18293140"
"2019-08-26 20:00","18300232"
"2019-08-27 20:00","18307554"
"2019-08-28 20:00","18313869"
"2019-08-29 20:00","18319277"
"2019-08-30 20:00","18324893"
"2019-08-31 20:00","18330661"
"2019-09-01 20:00","18337102"
"2019-09-02 20:00","18342824"
"2019-09-03 20:00","18350105"
"2019-09-04 20:00","18356119"
"2019-09-05 20:00","18361443"
"2019-09-06 20:00","18367549"
"2019-09-07 20:00","18373904"
"2019-09-08 20:00","18380599"
"2019-09-09 20:00","18386514"
"2019-09-10 20:00","18392627"
"2019-09-11 20:00","18397798"
"2019-09-12 20:00","18403741"
"2019-09-13 20:00","18408623"
"2019-09-14 20:00","18414209"
"2019-09-15 20:00","18421419"
"2019-09-16 20:00","18428172"
"2019-09-17 20:00","18433735"
"2019-09-18 20:00","18439374"
"2019-09-19 20:00","18444492"
"2019-09-20 20:00","18449427"
"2019-09-21 20:00","18455662"
"2019-09-22 20:00","18461273"
"2019-09-23 20:00","18468205"
"2019-09-24 20:00","18473899"
"2019-09-25 20:00","18479638"
"2019-09-26 20:00","18485218"
"2019-09-27 20:00","18490821"
"2019-09-28 20:00","18496515"
"2019-09-29 20:00","18501900"
